{"data":{"BNBUSDT":0.912493532,"TRXBTC":0.903933579,"TRXXRP":0.8907629632,"TRXBNB":0.8896735451,"TRXUSDT":0.8883745863,"VIABTC":0.8655262445,"BNBBTC":0.8601625949,"BNBUSDC":0.8438946979,"LINKBTC":0.8395660179,"TRXETH":0.8365909193,"LOOMBTC":0.8353781318,"NEOETH":0.8092147291,"NEOBTC":0.8067617026,"ZILETH":0.8001437369,"NEOUSDT":0.7937300863,"DLTBTC":0.7900707669,"PIVXBTC":0.7696386318,"LUNBTC":0.7665098761,"APPCBTC":0.7622910688,"ENJBTC":0.7578152348,"EOSTUSD":0.7533218671,"WABIBTC":0.7428502863,"VETUSDT":0.7292794842,"TRXTUSD":0.7227529827,"AEBTC":0.7217565268,"EDOBTC":0.7115471046,"MCOBTC":0.7047341019,"LOOMETH":0.6712333457,"REPBTC":0.667752588,"VIBEBTC":0.663531146,"LTCBNB":0.6275571075,"MODBTC":0.6229117503,"ENGBTC":0.6158698388,"AEETH":0.6149720783,"XZCBTC":0.6067435933,"SALTBTC":0.6056798951,"VETETH":0.5962787822,"GASBTC":0.5928884767,"LINKETH":0.5861030405,"INSBTC":0.5856082404,"BNTBTC":0.5811289407,"ARKBTC":0.569904628,"ZECETH":0.5682215211,"QTUMUSDT":0.5675875946,"NEOTUSD":0.5658354686,"WTCBTC":0.5566808709,"KNCBTC":0.5551958485,"GVTBTC":0.5536791645,"NEOBNB":0.5362124613,"STEEMBTC":0.5340106392,"BCDBTC":0.5292435885,"ONTBTC":0.5234743455,"NXSBTC":0.5167948425,"BNBPAX":0.5163843402,"MDABTC":0.5133823695,"ADABNB":0.5009388825,"ZECBTC":0.4953072623,"HCBTC":0.491778272,"OAXBTC":0.4871067399,"GTOBNB":0.468411155,"BQXBTC":0.4670763344,"PPTBTC":0.4658160282,"BTCUSDC":0.4651047151,"SKYBTC":0.4629458345,"BNBETH":0.4518995665,"BRDBTC":0.4340736154,"DOCKETH":0.428713324,"QTUMBTC":0.4085876412,"BTGBTC":0.4058965863,"XMRBTC":0.3883630611,"XVGETH":0.3829825573,"RDNETH":0.3800262186,"ADABTC":0.3695255794,"DASHBTC":0.3398767967,"AGIBTC":0.3293163675,"NANOBTC":0.3124326722,"ADXBTC":0.2771743785,"LTCBTC":0.2759930376,"XRPBTC":0.2660918958,"OMGBTC":0.2656731012,"ONTUSDT":0.2633395379,"TUSDBTC":0.2404472063,"EOSUSDC":0.235836765,"LTCUSDT":0.2289822863,"EOSBTC":0.2153229336,"EVXBTC":0.207809676,"NEBLBTC":0.207481552,"GTOETH":0.2055841172,"ETCBTC":0.2039665389,"XRPTUSD":0.2036509619,"NANOETH":0.2031855225,"LTCETH":0.1854711096,"ICXBTC":0.1851687037,"ARNBTC":0.1809555882,"EOSBNB":0.1792210756,"ELFBTC":0.1787586767,"NULSBTC":0.1774678152,"XRPPAX":0.1762220713,"BCHSVBTC":0.1758615067,"ONTETH":0.1750944845,"BATBTC":0.1712022577,"EVXETH":0.1687778617,"ETCUSDT":0.1634543159,"ETCETH":0.1626946005,"QTUMETH":0.1582013218,"ARDRBTC":0.1518257992,"RDNBTC":0.1378832157,"DGDBTC":0.1327421352,"XRPUSDC":0.1312688746,"NASBTC":0.1123929658,"ARNETH":0.103562251,"USDCUSDT":0.0981820852,"EOSPAX":0.0967722109,"MDAETH":0.0935803198,"ZENBTC":0.0893681465,"ADAETH":0.0842053099,"IOSTETH":0.0830116995,"STRATBTC":0.0825168778,"VIBETH":0.0824958343,"ICXUSDT":0.0774256712,"MTLBTC":0.0762153785,"XLMUSDT":0.0737943262,"AIONBTC":0.0687827345,"XRPBNB":0.0651601029,"STRATETH":0.0602212677,"ADAUSDT":0.0586572599,"XMRETH":0.058310748,"XLMUSDC":0.0479577234,"TUSDBNB":0.0411586575,"XRPUSDT":0.0393847643,"BTCPAX":0.0345664678,"EOSETH":0.0293555039,"BCHSVUSDT":0.0285023738,"GXSBTC":0.0225577765,"ICXETH":0.0212788907,"BCHABCBTC":0.0189759133,"XLMETH":0.0137939778,"POWRBTC":-0.0034713157,"EOSUSDT":-0.0116213368,"XLMTUSD":-0.0228504469,"POLYBTC":-0.0262016176,"KMDBTC":-0.0653208575,"XEMETH":-0.0687320626,"BTCUSDT":-0.0716795243,"DASHETH":-0.0885375577,"ZRXBTC":-0.0918882284,"OMGETH":-0.1127903367,"WAVESBTC":-0.1129011158,"XRPETH":-0.1160667742,"NULSUSDT":-0.1161671605,"DCRBTC":-0.1243835639,"XLMPAX":-0.1340206316,"ADATUSD":-0.1667197674,"TUSDUSDT":-0.1808656815,"ETHBTC":-0.1834169263,"ZRXETH":-0.2021052522,"WAVESBNB":-0.2428737335,"BATETH":-0.252487109,"WAVESETH":-0.2529186037,"BCHABCUSDT":-0.2694987703,"IOTABTC":-0.3287613281,"PAXUSDT":-0.3399929657,"WANBTC":-0.3701789532,"IOTAETH":-0.3716623252,"LSKBTC":-0.3897948563,"TUSDETH":-0.3944177428,"IOTAUSDT":-0.4820682433,"ETHUSDC":-0.5620199439,"ETHPAX":-0.5620976787,"ETHUSDT":-0.5993557945},"startDate":"2019-01-03","endDate":"2019-01-11","numDays":7,"excludedPairs":["VENETH","ONTBNB","PAXBTC","WABIBNB","CMTETH","SNGLSBTC","XEMBTC","MFTETH","NAVBNB","CMTBTC","OSTETH","BATBNB","NEBLETH","RPXBNB","VETBTC","CDTBTC","VIAETH","GNTBNB","LOOMBNB","STORMETH","IOSTBTC","MTHETH","WABIETH","XZCBNB","GVTETH","GOBTC","VENUSDT","SNMETH","ASTETH","BRDBNB","CVCBTC","GOBNB","WPRBTC","DATABTC","AMBBNB","AEBNB","FUELETH","MANAETH","BLZETH","THETAETH","PPTETH","TRIGETH","SCBTC","BCDETH","OSTBTC","RDNBNB","RCNETH","NEBLBNB","LENDBTC","MANABTC","NPXSBTC","XLMBTC","IOTABNB","GTOBTC","DNTETH","QSPBTC","AIONBNB","QLCBTC","PHXETH","IOTXETH","SNTBTC","OAXETH","BCCETH","WTCETH","LSKETH","LUNETH","HSRETH","NCASHBNB","SYSETH","BCCBTC","ENJETH","DOCKBTC","REQBTC","VIABNB","POWRBNB","SYSBNB","DCRBNB","ZENETH","SNGLSETH","XZCETH","LENDETH","VETBNB","GNTBTC","MCOETH","YOYOBTC","POABNB","FUELBTC","QTUMBNB","ZENBNB","XVGBTC","AIONETH","RLCBNB","ARDRETH","VENBTC","USDCBTC","ETCBNB","STORJBTC","OSTBNB","WINGSBTC","REPBNB","NASBNB","MITHBTC","CNDBTC","KEYBTC","SKYBNB","LRCETH","HOTBTC","REQETH","HOTETH","BTSETH","ENGETH","MFTBNB","SUBBTC","AMBETH","POWRETH","QKCETH","BCPTBNB","RVNBTC","TRIGBTC","SKYETH","VIBEETH","POABTC","WANETH","CHATETH","PIVXETH","AGIETH","QSPETH","BCPTBTC","PIVXBNB","CVCBNB","SNMBTC","BCNBNB","NULSETH","YOYOBNB","RVNBNB","STORMBNB","NANOBNB","TNTETH","TRIGBNB","CMTBNB","XEMBNB","RLCETH","MTHBTC","TNTBTC","BCPTETH","POAETH","PAXBNB","NAVETH","ARDRBNB","KEYETH","GRSBTC","QKCBTC","WANBNB","HSRBTC","MITHBNB","QSPBNB","NPXSETH","TNBBTC","YOYOETH","XLMBNB","ICNETH","PAXTUSD","ICNBTC","QLCETH","TNBETH","NXSBNB","BNTETH","DLTETH","CDTETH","BCNETH","WTCBNB","DENTETH","NCASHBTC","PHXBTC","NULSBNB","SYSBTC","SUBETH","HCETH","RCNBNB","BCCUSDT","RCNBTC","XZCXRP","PAXETH","ICXBNB","RLCBTC","RENBNB","BLZBTC","APPCBNB","MODETH","REPETH","MTLETH","DENTBTC","BQXETH","CNDETH","DLTBNB","ZILBTC","GNTETH","CLOAKBTC","GXSETH","DNTBTC","ASTBTC","AMBBTC","NAVBTC","USDCTUSD","ENJBNB","VIBBTC","DATAETH","PHXBNB","NXSETH","USDCBNB","RPXBTC","RPXETH","CVCETH","STEEMBNB","BTSBTC","GRSETH","POEBTC","FUNETH","LRCBTC","RENBTC","QLCBNB","SALTETH","SNTETH","USDCPAX","ADXBNB","ZILBNB","POLYBNB","KNCETH","ADXETH","WPRETH","KMDETH","THETABNB","IOTXBTC","POEETH","STEEMETH","VENBNB","BCCBNB","MFTBTC","WINGSETH","INSETH","STORMBTC","SCETH","ARKETH","BLZBNB","SCBNB","CNDBNB","DGDETH","MCOBNB","BTSBNB","EDOETH","APPCETH","FUNBTC","STORJETH","CLOAKETH","BRDETH","BTGETH","LSKBNB","AGIBNB","ELFETH","CHATBTC","NASETH","NCASHETH","BCNBTC","THETABTC"],"graphType":"hbar"}