{"data":{"VIABTC":0.8744769534,"BNBUSDT":0.8668327911,"TRXBTC":0.8668326637,"LOOMBTC":0.8403491673,"TRXXRP":0.8399383301,"LINKBTC":0.8301326204,"TRXUSDT":0.8263878737,"BNBBTC":0.8230944721,"TRXBNB":0.7940802543,"AEBTC":0.7895207738,"SALTBTC":0.7723345299,"TRXETH":0.7697426141,"DLTBTC":0.7669841879,"NEOBTC":0.7497496548,"PIVXBTC":0.7445976199,"NEOETH":0.7438877925,"APPCBTC":0.7430306504,"LUNBTC":0.739826705,"BNBUSDC":0.7340935132,"WABIBTC":0.7332664303,"NEOUSDT":0.7266279961,"ZILETH":0.7063996826,"ENJBTC":0.6954407517,"VETUSDT":0.6852289763,"BNTBTC":0.6676859497,"VIBEBTC":0.6598464896,"LOOMETH":0.652805719,"REPBTC":0.633209918,"EOSTUSD":0.6328667089,"EDOBTC":0.6232949996,"TRXTUSD":0.6089485715,"BRDBTC":0.6059506184,"MODBTC":0.5879392555,"LTCBNB":0.5856803836,"MCOBTC":0.5747806088,"OAXBTC":0.5683457827,"LINKETH":0.5681990876,"ENGBTC":0.5605301395,"VETETH":0.5593569127,"AEETH":0.554310011,"WTCBTC":0.5539469759,"DOCKETH":0.5470471655,"QTUMUSDT":0.5392390937,"GVTBTC":0.5386884705,"GASBTC":0.5320928325,"XZCBTC":0.5306469745,"INSBTC":0.5293692817,"ONTBTC":0.5163410729,"ADABNB":0.5130024213,"NXSBTC":0.5095564164,"KNCBTC":0.5053752262,"BCDBTC":0.5004778282,"ARKBTC":0.5002600628,"MDABTC":0.5001459253,"ZECBTC":0.4808655358,"BNBPAX":0.4671165398,"HCBTC":0.455711683,"STEEMBTC":0.4527363024,"NEOBNB":0.4433757237,"SKYBTC":0.4432340375,"BQXBTC":0.4387807223,"GTOBNB":0.4340813623,"NEOTUSD":0.4219281461,"RDNETH":0.4144336911,"PPTBTC":0.4112151912,"ZECETH":0.4044333592,"XMRBTC":0.3887588849,"QTUMBTC":0.3885640958,"BNBETH":0.3821407313,"XVGETH":0.3758215231,"BTCUSDC":0.3632203891,"ADABTC":0.3610695174,"BTGBTC":0.3594609374,"ADXBTC":0.3586839949,"DASHBTC":0.3425175962,"NANOBTC":0.3199879357,"AGIBTC":0.3039877759,"LTCBTC":0.2747783226,"OMGBTC":0.2637469572,"XRPBTC":0.2403819392,"LTCUSDT":0.2362742881,"XRPTUSD":0.2319214971,"EVXBTC":0.2291195772,"ONTUSDT":0.216322815,"TUSDBTC":0.2125070266,"EOSBTC":0.2068577319,"NANOETH":0.2002936757,"GTOETH":0.1969565131,"ELFBTC":0.1909124689,"EOSUSDC":0.1901818773,"EVXETH":0.1889912065,"LTCETH":0.1887935015,"ICXBTC":0.1863419724,"NULSBTC":0.1811765163,"ARNBTC":0.1777621304,"DGDBTC":0.1748840279,"ETCETH":0.1730655762,"ETCBTC":0.1715789415,"ONTETH":0.1682997542,"BCHSVBTC":0.1628012572,"XRPPAX":0.1519175774,"BATBTC":0.149969696,"QTUMETH":0.1479171017,"RDNBTC":0.1446858516,"ETCUSDT":0.140074616,"XRPUSDC":0.1368882084,"EOSBNB":0.1324374937,"MDAETH":0.1237194904,"NASBTC":0.1085221366,"ARNETH":0.1015959688,"NEBLBTC":0.0923739408,"ZENBTC":0.0922432395,"ARDRBTC":0.0873930215,"EOSPAX":0.0843415861,"XRPBNB":0.0827146282,"ICXUSDT":0.081177122,"ADAETH":0.0809454912,"USDCUSDT":0.0756515976,"IOSTETH":0.0669125466,"ADAUSDT":0.0666049918,"MTLBTC":0.0661896925,"AIONBTC":0.0659308048,"XLMUSDT":0.0657965433,"STRATBTC":0.0635686147,"VIBETH":0.0509372746,"XRPUSDT":0.0481840137,"XMRETH":0.0459362302,"BCHSVUSDT":0.0456232119,"STRATETH":0.0429396531,"EOSETH":0.038712977,"POWRBTC":0.0381869287,"ICXETH":0.0350799472,"GXSBTC":0.0302515814,"BCHABCBTC":0.0261957418,"XLMUSDC":0.021154684,"TUSDBNB":0.0185924149,"BTCPAX":0.010181736,"XLMETH":-0.0018211447,"EOSUSDT":-0.00934365,"XEMETH":-0.0175839224,"POLYBTC":-0.0274684939,"XLMTUSD":-0.0529158251,"BTCUSDT":-0.0745472213,"DASHETH":-0.0776480908,"KMDBTC":-0.0777364499,"ZRXBTC":-0.0869881995,"DCRBTC":-0.0962451324,"XRPETH":-0.1046441836,"OMGETH":-0.1061450049,"WAVESBTC":-0.1163940002,"NULSUSDT":-0.1225750915,"XLMPAX":-0.1295277671,"ADATUSD":-0.1573517428,"ETHBTC":-0.1737059434,"TUSDUSDT":-0.1771015613,"ZRXETH":-0.202427669,"WAVESETH":-0.2249039997,"BCHABCUSDT":-0.2267649747,"BATETH":-0.234145879,"WAVESBNB":-0.2589776853,"IOTABTC":-0.3210119896,"TUSDETH":-0.3218656905,"PAXUSDT":-0.3383148525,"IOTAETH":-0.3428709853,"WANBTC":-0.3524348691,"LSKBTC":-0.3691949852,"IOTAUSDT":-0.4714714807,"ETHPAX":-0.5200793293,"ETHUSDC":-0.5311224219,"ETHUSDT":-0.5658801127},"startDate":"2019-01-03","endDate":"2019-01-11","numDays":7,"excludedPairs":["VENETH","ONTBNB","PAXBTC","WABIBNB","CMTETH","SNGLSBTC","XEMBTC","MFTETH","NAVBNB","CMTBTC","OSTETH","BATBNB","NEBLETH","RPXBNB","VETBTC","CDTBTC","VIAETH","GNTBNB","LOOMBNB","STORMETH","IOSTBTC","MTHETH","WABIETH","XZCBNB","GVTETH","GOBTC","VENUSDT","SNMETH","ASTETH","BRDBNB","CVCBTC","GOBNB","WPRBTC","DATABTC","AMBBNB","AEBNB","FUELETH","MANAETH","BLZETH","THETAETH","PPTETH","TRIGETH","SCBTC","BCDETH","OSTBTC","RDNBNB","RCNETH","NEBLBNB","LENDBTC","MANABTC","NPXSBTC","XLMBTC","IOTABNB","GTOBTC","DNTETH","QSPBTC","AIONBNB","QLCBTC","PHXETH","IOTXETH","SNTBTC","OAXETH","BCCETH","WTCETH","LSKETH","LUNETH","HSRETH","NCASHBNB","SYSETH","BCCBTC","ENJETH","DOCKBTC","REQBTC","VIABNB","POWRBNB","SYSBNB","DCRBNB","ZENETH","SNGLSETH","XZCETH","LENDETH","VETBNB","GNTBTC","MCOETH","YOYOBTC","POABNB","FUELBTC","QTUMBNB","ZENBNB","XVGBTC","AIONETH","RLCBNB","ARDRETH","VENBTC","USDCBTC","ETCBNB","STORJBTC","OSTBNB","WINGSBTC","REPBNB","NASBNB","MITHBTC","CNDBTC","KEYBTC","SKYBNB","LRCETH","HOTBTC","REQETH","HOTETH","BTSETH","ENGETH","MFTBNB","SUBBTC","AMBETH","POWRETH","QKCETH","BCPTBNB","RVNBTC","TRIGBTC","SKYETH","VIBEETH","POABTC","WANETH","CHATETH","PIVXETH","AGIETH","QSPETH","BCPTBTC","PIVXBNB","CVCBNB","SNMBTC","BCNBNB","NULSETH","YOYOBNB","RVNBNB","STORMBNB","NANOBNB","TNTETH","TRIGBNB","CMTBNB","XEMBNB","RLCETH","MTHBTC","TNTBTC","BCPTETH","POAETH","PAXBNB","NAVETH","ARDRBNB","KEYETH","GRSBTC","QKCBTC","WANBNB","HSRBTC","MITHBNB","QSPBNB","NPXSETH","TNBBTC","YOYOETH","XLMBNB","ICNETH","PAXTUSD","ICNBTC","QLCETH","TNBETH","NXSBNB","BNTETH","DLTETH","CDTETH","BCNETH","WTCBNB","DENTETH","NCASHBTC","PHXBTC","NULSBNB","SYSBTC","SUBETH","HCETH","RCNBNB","BCCUSDT","RCNBTC","XZCXRP","PAXETH","ICXBNB","RLCBTC","RENBNB","BLZBTC","APPCBNB","MODETH","REPETH","MTLETH","DENTBTC","BQXETH","CNDETH","DLTBNB","ZILBTC","GNTETH","CLOAKBTC","GXSETH","DNTBTC","ASTBTC","AMBBTC","NAVBTC","USDCTUSD","ENJBNB","VIBBTC","DATAETH","PHXBNB","NXSETH","USDCBNB","RPXBTC","RPXETH","CVCETH","STEEMBNB","BTSBTC","GRSETH","POEBTC","FUNETH","LRCBTC","RENBTC","QLCBNB","SALTETH","SNTETH","USDCPAX","ADXBNB","ZILBNB","POLYBNB","KNCETH","ADXETH","WPRETH","KMDETH","THETABNB","IOTXBTC","POEETH","STEEMETH","VENBNB","BCCBNB","MFTBTC","WINGSETH","INSETH","STORMBTC","SCETH","ARKETH","BLZBNB","SCBNB","CNDBNB","DGDETH","MCOBNB","BTSBNB","EDOETH","APPCETH","FUNBTC","STORJETH","CLOAKETH","BRDETH","BTGETH","LSKBNB","AGIBNB","ELFETH","CHATBTC","NASETH","NCASHETH","BCNBTC","THETABTC"],"graphType":"hbar"}