{"data":{"NEOBTC":0.9045660032,"NEOETH":0.9035525627,"BNBUSDT":0.9019869583,"NEOUSDT":0.8906465988,"HCBTC":0.8901817212,"NEOTUSD":0.8890146294,"TRXXRP":0.8642779906,"ZILETH":0.8590163981,"ADABNB":0.8581699459,"TRXBNB":0.8493925702,"QTUMUSDT":0.8340148249,"TRXBTC":0.8324363621,"APPCBTC":0.8282766601,"WTCBTC":0.8253932169,"VETETH":0.8219420263,"TRXETH":0.8046132312,"LTCBNB":0.8018263537,"ONTBTC":0.8008585825,"TRXUSDT":0.798427469,"VETUSDT":0.7971136199,"BNTBTC":0.7937461907,"BNBUSDC":0.7920378157,"NEOBNB":0.7869186666,"GASBTC":0.7853370915,"VIABTC":0.7793631151,"ADABTC":0.7637757633,"BNBBTC":0.7622417903,"QTUMBTC":0.7604703273,"ADAUSDT":0.7562398627,"LTCUSDT":0.751820986,"ADAETH":0.7482852853,"RDNBTC":0.7401633138,"NXSBTC":0.7388441384,"SALTBTC":0.7154456817,"IOSTETH":0.7143435741,"XVGETH":0.7111485758,"LTCBTC":0.7036930851,"PIVXBTC":0.6948405643,"NANOBTC":0.687281444,"ENGBTC":0.6872777968,"RDNETH":0.6862763753,"AEBTC":0.6793028734,"ONTUSDT":0.6740957107,"LUNBTC":0.6573327146,"LOOMBTC":0.6536191489,"TRXTUSD":0.6499933155,"LOOMETH":0.6155179105,"KNCBTC":0.587320048,"TUSDBTC":0.5727343188,"LTCETH":0.5587052045,"STEEMBTC":0.5578476702,"DLTBTC":0.5371765406,"VIBEBTC":0.5349238086,"BNBPAX":0.5324471848,"LINKETH":0.5246040956,"BQXBTC":0.5228293039,"BCDBTC":0.5209567037,"ARDRBTC":0.5195032308,"ADATUSD":0.5178902065,"MCOBTC":0.5136467688,"ONTETH":0.4954998829,"MODBTC":0.4929451864,"QTUMETH":0.4814348651,"AGIBTC":0.4725863655,"NANOETH":0.4529605991,"XLMUSDT":0.4521602204,"BNBETH":0.4176764391,"LINKBTC":0.4135266161,"XLMETH":0.3967848762,"AEETH":0.3935463374,"XMRETH":0.3855850594,"MDABTC":0.3651008817,"ZECBTC":0.3642504753,"XMRBTC":0.3590410385,"XLMUSDC":0.3489203539,"BRDBTC":0.341097238,"XLMTUSD":0.3287565789,"XZCBTC":0.3277316904,"XRPBNB":0.3231900349,"ARNETH":0.322339865,"AIONBTC":0.3092584172,"DASHBTC":0.2606725925,"SKYBTC":0.2439111951,"VIBETH":0.2198078544,"EOSUSDC":0.2008671103,"EVXBTC":0.2003858178,"ENJBTC":0.1991520885,"BTCUSDC":0.1935602597,"EOSBNB":0.1933037842,"NULSBTC":0.1769552525,"ARKBTC":0.1594595716,"INSBTC":0.1566303659,"BCHSVUSDT":0.1521052595,"PPTBTC":0.1513627214,"EVXETH":0.1420122388,"POWRBTC":0.138580172,"MTLBTC":0.1306035972,"ELFBTC":0.1283501523,"EDOBTC":0.1222077649,"WABIBTC":0.1092138822,"XLMPAX":0.1040609675,"DASHETH":0.0859587263,"DGDBTC":0.0655959901,"NULSUSDT":0.0640428428,"EOSTUSD":0.062428132,"XRPTUSD":0.0532051685,"BTCUSDT":0.0416756812,"ICXUSDT":0.0397797838,"OAXBTC":0.0311309891,"XRPPAX":0.0193776707,"BCHSVBTC":0.0093298311,"ARNBTC":-0.0106322927,"BTGBTC":-0.0165078942,"ETHUSDT":-0.0169990354,"TUSDETH":-0.0469919402,"BTCPAX":-0.0480708556,"XEMETH":-0.067713269,"NASBTC":-0.0779385132,"TUSDBNB":-0.0935365097,"ZECETH":-0.0979806103,"ETCBTC":-0.0998112806,"EOSBTC":-0.1107262307,"DOCKETH":-0.1156850749,"XRPBTC":-0.126537661,"XRPUSDT":-0.1427405828,"GTOETH":-0.143928239,"MDAETH":-0.1619151869,"WANBTC":-0.1633945124,"IOTABTC":-0.1783415068,"XRPUSDC":-0.1921308103,"BATBTC":-0.2012402026,"EOSPAX":-0.2057884965,"ADXBTC":-0.2109217296,"ICXBTC":-0.2124015342,"EOSUSDT":-0.2154828698,"ETHBTC":-0.2351114148,"DCRBTC":-0.2359773197,"ZENBTC":-0.2798559188,"KMDBTC":-0.280119664,"LSKBTC":-0.2829129647,"BCHABCUSDT":-0.2840191404,"GVTBTC":-0.2952543738,"ETCETH":-0.3093467374,"REPBTC":-0.3112193095,"PAXUSDT":-0.3408200102,"GTOBNB":-0.346761489,"USDCUSDT":-0.3743307448,"ETCUSDT":-0.3822266336,"ICXETH":-0.390989448,"EOSETH":-0.4343474801,"GXSBTC":-0.4599228474,"BATETH":-0.4871538674,"XRPETH":-0.4984720171,"ZRXBTC":-0.5136722178,"OMGETH":-0.5305065406,"NEBLBTC":-0.5349570095,"IOTAUSDT":-0.5395456135,"STRATBTC":-0.5432897454,"BCHABCBTC":-0.5667968207,"WAVESBNB":-0.5669465558,"TUSDUSDT":-0.5684348139,"OMGBTC":-0.5776874241,"STRATETH":-0.6117080838,"ETHPAX":-0.6210294565,"ZRXETH":-0.6588901282,"WAVESETH":-0.672448114,"POLYBTC":-0.7257035935,"WAVESBTC":-0.7864088081,"IOTAETH":-0.8356084145,"ETHUSDC":-0.8700302788},"startDate":"2019-01-03","endDate":"2019-01-11","numDays":7,"excludedPairs":["VENETH","ONTBNB","PAXBTC","WABIBNB","CMTETH","SNGLSBTC","XEMBTC","MFTETH","NAVBNB","CMTBTC","OSTETH","BATBNB","NEBLETH","RPXBNB","VETBTC","CDTBTC","VIAETH","GNTBNB","LOOMBNB","STORMETH","IOSTBTC","MTHETH","WABIETH","XZCBNB","GVTETH","GOBTC","VENUSDT","SNMETH","ASTETH","BRDBNB","CVCBTC","GOBNB","WPRBTC","DATABTC","AMBBNB","AEBNB","FUELETH","MANAETH","BLZETH","THETAETH","PPTETH","TRIGETH","SCBTC","BCDETH","OSTBTC","RDNBNB","RCNETH","NEBLBNB","LENDBTC","MANABTC","NPXSBTC","XLMBTC","IOTABNB","GTOBTC","DNTETH","QSPBTC","AIONBNB","QLCBTC","PHXETH","IOTXETH","SNTBTC","OAXETH","BCCETH","WTCETH","LSKETH","LUNETH","HSRETH","NCASHBNB","SYSETH","BCCBTC","ENJETH","DOCKBTC","REQBTC","VIABNB","POWRBNB","SYSBNB","DCRBNB","ZENETH","SNGLSETH","XZCETH","LENDETH","VETBNB","GNTBTC","MCOETH","YOYOBTC","POABNB","FUELBTC","QTUMBNB","ZENBNB","XVGBTC","AIONETH","RLCBNB","ARDRETH","VENBTC","USDCBTC","ETCBNB","STORJBTC","OSTBNB","WINGSBTC","REPBNB","NASBNB","MITHBTC","CNDBTC","KEYBTC","SKYBNB","LRCETH","HOTBTC","REQETH","HOTETH","BTSETH","ENGETH","MFTBNB","SUBBTC","AMBETH","POWRETH","QKCETH","BCPTBNB","RVNBTC","TRIGBTC","SKYETH","VIBEETH","POABTC","WANETH","CHATETH","PIVXETH","AGIETH","QSPETH","BCPTBTC","PIVXBNB","CVCBNB","SNMBTC","BCNBNB","NULSETH","YOYOBNB","RVNBNB","STORMBNB","NANOBNB","TNTETH","TRIGBNB","CMTBNB","XEMBNB","RLCETH","MTHBTC","TNTBTC","BCPTETH","POAETH","PAXBNB","NAVETH","ARDRBNB","KEYETH","GRSBTC","QKCBTC","WANBNB","HSRBTC","MITHBNB","QSPBNB","NPXSETH","TNBBTC","YOYOETH","XLMBNB","ICNETH","PAXTUSD","ICNBTC","QLCETH","TNBETH","NXSBNB","BNTETH","DLTETH","CDTETH","BCNETH","WTCBNB","DENTETH","NCASHBTC","PHXBTC","NULSBNB","SYSBTC","SUBETH","HCETH","RCNBNB","BCCUSDT","RCNBTC","XZCXRP","PAXETH","ICXBNB","RLCBTC","RENBNB","BLZBTC","APPCBNB","MODETH","REPETH","MTLETH","DENTBTC","BQXETH","CNDETH","DLTBNB","ZILBTC","GNTETH","CLOAKBTC","GXSETH","DNTBTC","ASTBTC","AMBBTC","NAVBTC","USDCTUSD","ENJBNB","VIBBTC","DATAETH","PHXBNB","NXSETH","USDCBNB","RPXBTC","RPXETH","CVCETH","STEEMBNB","BTSBTC","GRSETH","POEBTC","FUNETH","LRCBTC","RENBTC","QLCBNB","SALTETH","SNTETH","USDCPAX","ADXBNB","ZILBNB","POLYBNB","KNCETH","ADXETH","WPRETH","KMDETH","THETABNB","IOTXBTC","POEETH","STEEMETH","VENBNB","BCCBNB","MFTBTC","WINGSETH","INSETH","STORMBTC","SCETH","ARKETH","BLZBNB","SCBNB","CNDBNB","DGDETH","MCOBNB","BTSBNB","EDOETH","APPCETH","FUNBTC","STORJETH","CLOAKETH","BRDETH","BTGETH","LSKBNB","AGIBNB","ELFETH","CHATBTC","NASETH","NCASHETH","BCNBTC","THETABTC"],"graphType":"hbar"}