{"data":{"ZILETH":214.877265036,"IOTAUSDT":20.1234197858,"ETHPAX":89.9035748652,"NEBLBTC":132.012236679,"DASHETH":92.075119465,"ONTUSDT":157.3451971239,"ENJBTC":64.9222200612,"QTUMBTC":70.3139621329,"STRATBTC":27.5469429609,"ZRXBTC":42.8911556912,"OMGETH":29.8395855759,"ETCUSDT":136.9824893392,"TRXETH":976.9972125318,"NEOETH":89.584457209,"ETCBTC":88.5100143711,"VIBEBTC":541.8938594799,"EVXETH":917.4735880078,"ETHUSDC":350.1877805237,"PIVXBTC":-36.9059478614,"EOSBNB":229.9414141545,"ZRXETH":25.3878411319,"XLMETH":64.9634323197,"XLMUSDT":205.786372322,"LINKETH":210.3386045229,"BQXBTC":-24.7343897942,"XLMUSDC":122.5764490308,"BNBBTC":160.1460520017,"EOSBTC":68.8146090452,"BTCUSDT":73.0984653656,"ONTETH":232.0335273521,"INSBTC":-10.2129194825,"TRXBNB":606.074632247,"ONTBTC":149.5650226561,"LTCETH":192.4687955967,"VETUSDT":328.4922220645,"NANOBTC":203.5076975674,"XRPBTC":114.1878318775,"OAXBTC":-45.7214155243,"NEOBTC":242.0111884865,"TUSDETH":72.2207998483,"QTUMETH":150.0579706664,"VIABTC":419.6463608428,"ZECBTC":62.458606737,"BCHSVUSDT":-28.2506412463,"WABIBTC":195.3853541124,"SALTBTC":-1.0401093738,"MCOBTC":128.2703855524,"USDCUSDT":214.5351480901,"NEOBNB":241.4964660811,"ADAUSDT":179.2173143252,"WTCBTC":66.2110523085,"STEEMBTC":29.7856283081,"ADATUSD":137.9525736089,"BNBUSDC":125.1144461047,"MDABTC":-64.833091519,"BCHABCUSDT":8.3938316154,"ADABNB":112.1121780413,"XRPPAX":16.7322347702,"AEETH":481.7625034056,"LTCBNB":180.4488392306,"BATETH":76.6975013553,"BCDBTC":26.749803612,"GXSBTC":-74.4076490784,"DCRBTC":17.5721967596,"BCHABCBTC":43.9760528712,"ADAETH":87.1316694611,"BTCUSDC":478.6153473565,"ZECETH":28.434153316,"BNTBTC":-9.277151048,"XRPUSDC":84.8633619113,"LSKBTC":101.5071333383,"QTUMUSDT":217.9049119274,"XRPTUSD":22.1362771392,"ARNBTC":-46.0592623995,"WAVESBTC":41.2120164689,"GTOETH":719.745556326,"NEOTUSD":367.9039454092,"STRATETH":38.2829844068,"NEOUSDT":207.3482595628,"TUSDBTC":68.521601611,"WAVESETH":78.9221704017,"LTCUSDT":442.9866342445,"MDAETH":-13.8927609292,"XZCBTC":22.4843200065,"EOSTUSD":-46.7364865184,"LOOMBTC":-43.7481477261,"XVGETH":1717.5815693118,"DGDBTC":-73.2366742835,"ARDRBTC":47.2664794518,"HCBTC":927.4311681874,"VIBETH":29.9067892206,"XRPETH":103.3088324479,"SKYBTC":22.7459611752,"KNCBTC":-5.6625835362,"XRPUSDT":94.735687487,"ENGBTC":22.3152634125,"WAVESBNB":-25.6102791526,"PAXUSDT":123.161155722,"TRXTUSD":2129.7870506716,"PPTBTC":47.5961078795,"ETHUSDT":-14.5953643786,"XMRETH":-51.3239847387,"AGIBTC":-32.7563552106,"GASBTC":-2.7568744552,"IOSTETH":448.6173620669,"NANOETH":127.7611754971,"EOSUSDT":77.9311891749,"BNBUSDT":54.14463011,"BCHSVBTC":-26.9484638026,"ETCETH":76.1994895159,"BNBPAX":1300.8823350465,"EOSETH":125.0528366922,"BTGBTC":138.5474675645,"DOCKETH":331.4650757715,"NASBTC":21.9286372569,"AIONBTC":141.8151495161,"ZENBTC":28.4482318602,"VETETH":48.2756770891,"ICXUSDT":196.2519089753,"GVTBTC":-1.0667360608,"EOSUSDC":91.0318825585,"OMGBTC":65.0700380513,"LTCBTC":246.3688729289,"AEBTC":178.496002329,"XEMETH":162.5071458884,"WANBTC":106.7395702349,"TRXBTC":2570.3766502481,"APPCBTC":61.4024089102,"GTOBNB":459.2545349567,"BRDBTC":-76.407916945,"ARKBTC":108.5260963349,"POLYBTC":152.6724276127,"DLTBTC":-88.5077459678,"ADABTC":154.1944179034,"ETHBTC":0.7542474667,"ICXBTC":141.5216080309,"EOSPAX":61.1870410056,"ICXETH":57.8237942152,"TUSDUSDT":97.4849402066,"NULSBTC":121.2044136882,"XMRBTC":-46.9240746232,"EVXBTC":173.9612767572,"RDNETH":-67.7759641062,"BATBTC":94.3910392246,"XLMPAX":183.7183126762,"TRXUSDT":1449.1852037981,"TRXXRP":1839.5285496636,"MODBTC":147.8959169154,"XLMTUSD":177.5935624932,"KMDBTC":-14.0168212991,"NULSUSDT":228.2996755212,"IOTABTC":8.6448081547,"IOTAETH":107.070382532,"ADXBTC":-18.8090915494,"EDOBTC":-55.0319568739,"BTCPAX":170.1926651985,"ARNETH":-40.2382030282,"REPBTC":47.7505190677,"XRPBNB":32.6844191421,"TUSDBNB":30.9564763388,"POWRBTC":33.3497441965,"MTLBTC":-55.4029370921,"NXSBTC":101.3466778267,"DASHBTC":63.3709926083,"BNBETH":128.2150390419,"RDNBTC":-81.4788217182,"LINKBTC":151.7868850978,"LUNBTC":187.3847007538,"LOOMETH":-19.0986070102,"ELFBTC":6.0842133123},"startDate":"2019-01-03","endDate":"2019-01-11","numDays":7,"excludedPairs":["VENETH","ONTBNB","PAXBTC","WABIBNB","CMTETH","SNGLSBTC","XEMBTC","MFTETH","NAVBNB","CMTBTC","OSTETH","BATBNB","NEBLETH","RPXBNB","VETBTC","CDTBTC","VIAETH","GNTBNB","LOOMBNB","STORMETH","IOSTBTC","MTHETH","WABIETH","XZCBNB","GVTETH","GOBTC","VENUSDT","SNMETH","ASTETH","BRDBNB","CVCBTC","GOBNB","WPRBTC","DATABTC","AMBBNB","AEBNB","FUELETH","MANAETH","BLZETH","THETAETH","PPTETH","TRIGETH","SCBTC","BCDETH","OSTBTC","RDNBNB","RCNETH","NEBLBNB","LENDBTC","MANABTC","NPXSBTC","XLMBTC","IOTABNB","GTOBTC","DNTETH","QSPBTC","AIONBNB","QLCBTC","PHXETH","IOTXETH","SNTBTC","OAXETH","BCCETH","WTCETH","LSKETH","LUNETH","HSRETH","NCASHBNB","SYSETH","BCCBTC","ENJETH","DOCKBTC","REQBTC","VIABNB","POWRBNB","SYSBNB","DCRBNB","ZENETH","SNGLSETH","XZCETH","LENDETH","VETBNB","GNTBTC","MCOETH","YOYOBTC","POABNB","FUELBTC","QTUMBNB","ZENBNB","XVGBTC","AIONETH","RLCBNB","ARDRETH","VENBTC","USDCBTC","ETCBNB","STORJBTC","OSTBNB","WINGSBTC","REPBNB","NASBNB","MITHBTC","CNDBTC","KEYBTC","SKYBNB","LRCETH","HOTBTC","REQETH","HOTETH","BTSETH","ENGETH","MFTBNB","SUBBTC","AMBETH","POWRETH","QKCETH","BCPTBNB","RVNBTC","TRIGBTC","SKYETH","VIBEETH","POABTC","WANETH","CHATETH","PIVXETH","AGIETH","QSPETH","BCPTBTC","PIVXBNB","CVCBNB","SNMBTC","BCNBNB","NULSETH","YOYOBNB","RVNBNB","STORMBNB","NANOBNB","TNTETH","TRIGBNB","CMTBNB","XEMBNB","RLCETH","MTHBTC","TNTBTC","BCPTETH","POAETH","PAXBNB","NAVETH","ARDRBNB","KEYETH","GRSBTC","QKCBTC","WANBNB","HSRBTC","MITHBNB","QSPBNB","NPXSETH","TNBBTC","YOYOETH","XLMBNB","ICNETH","PAXTUSD","ICNBTC","QLCETH","TNBETH","NXSBNB","BNTETH","DLTETH","CDTETH","BCNETH","WTCBNB","DENTETH","NCASHBTC","PHXBTC","NULSBNB","SYSBTC","SUBETH","HCETH","RCNBNB","BCCUSDT","RCNBTC","XZCXRP","PAXETH","ICXBNB","RLCBTC","RENBNB","BLZBTC","APPCBNB","MODETH","REPETH","MTLETH","DENTBTC","BQXETH","CNDETH","DLTBNB","ZILBTC","GNTETH","CLOAKBTC","GXSETH","DNTBTC","ASTBTC","AMBBTC","NAVBTC","USDCTUSD","ENJBNB","VIBBTC","DATAETH","PHXBNB","NXSETH","USDCBNB","RPXBTC","RPXETH","CVCETH","STEEMBNB","BTSBTC","GRSETH","POEBTC","FUNETH","LRCBTC","RENBTC","QLCBNB","SALTETH","SNTETH","USDCPAX","ADXBNB","ZILBNB","POLYBNB","KNCETH","ADXETH","WPRETH","KMDETH","THETABNB","IOTXBTC","POEETH","STEEMETH","VENBNB","BCCBNB","MFTBTC","WINGSETH","INSETH","STORMBTC","SCETH","ARKETH","BLZBNB","SCBNB","CNDBNB","DGDETH","MCOBNB","BTSBNB","EDOETH","APPCETH","FUNBTC","STORJETH","CLOAKETH","BRDETH","BTGETH","LSKBNB","AGIBNB","ELFETH","CHATBTC","NASETH","NCASHETH","BCNBTC","THETABTC"],"graphType":"hbar"}