{"data":{"ZILETH":4.2121937001,"IOTAUSDT":-14.6402891868,"ETHPAX":-12.4246944536,"NEBLBTC":-7.919299773,"DASHETH":-9.2205398662,"ONTUSDT":-1.7189439885,"ENJBTC":-14.7495949182,"QTUMBTC":-0.7003521038,"STRATBTC":-17.0530246753,"ZRXBTC":-9.6587369853,"OMGETH":-9.857197695,"ETCUSDT":-15.9895193741,"TRXETH":40.2471873065,"NEOETH":2.0324223345,"ETCBTC":-15.6047246893,"VIBEBTC":7.2202141227,"EVXETH":-8.0652605857,"ETHUSDC":-12.333007887,"PIVXBTC":-10.6611503109,"EOSBNB":-6.0889066231,"ZRXETH":-9.1782320625,"XLMETH":-4.2920018348,"XLMUSDT":-4.2254325924,"LINKETH":16.9759256507,"BQXBTC":-9.7174854073,"XLMUSDC":-3.7080019135,"BNBBTC":0.0939264982,"EOSBTC":-8.1619255323,"BTCUSDT":-3.1768755926,"ONTETH":-1.7498831461,"INSBTC":-2.3435911187,"TRXBNB":43.4324663862,"ONTBTC":-2.3831562398,"LTCETH":5.0162063141,"VETUSDT":0.0034233261,"NANOBTC":-3.1291750463,"XRPBTC":-7.6697129207,"OAXBTC":-7.5419305329,"NEOBTC":2.4007640267,"TUSDETH":1.0222462072,"QTUMETH":-3.8068034249,"VIABTC":-1.4871805012,"ZECBTC":-5.7923947564,"BCHSVUSDT":-15.5760136072,"WABIBTC":-6.3099031165,"SALTBTC":-10.2889503323,"MCOBTC":-0.6146263474,"USDCUSDT":-0.4343190695,"NEOBNB":5.1328126158,"ADAUSDT":4.6216080108,"WTCBTC":-1.511206218,"STEEMBTC":-3.3377760785,"ADATUSD":5.0175336441,"BNBUSDC":1.8804487884,"MDABTC":-12.312166364,"BCHABCUSDT":-17.6159380949,"ADABNB":7.5532135078,"XRPPAX":-6.942217739,"AEETH":-3.9700064094,"LTCBNB":7.241510888,"BATETH":-4.9447056812,"BCDBTC":-8.8908551534,"GXSBTC":-4.8136070252,"DCRBTC":-4.4692857337,"BCHABCBTC":-17.7397248099,"ADAETH":5.4711321791,"BTCUSDC":-3.0739959614,"ZECETH":-3.9723362234,"BNTBTC":-12.7313385259,"XRPUSDC":-7.9273067079,"LSKBTC":-8.5152341727,"QTUMUSDT":0.2315842986,"XRPTUSD":-6.5804734535,"ARNBTC":-8.9885341904,"WAVESBTC":-14.1908925301,"GTOETH":-3.1079605902,"NEOTUSD":4.4178680124,"STRATETH":-17.6998233605,"NEOUSDT":2.820710113,"TUSDBTC":0.4407026063,"WAVESETH":-13.4025943173,"LTCUSDT":4.4554616568,"MDAETH":-9.3986588082,"XZCBTC":-3.7736832053,"EOSTUSD":-6.2295784377,"LOOMBTC":-10.4180341521,"XVGETH":6.1837451561,"DGDBTC":-9.1680331951,"ARDRBTC":-1.3771121372,"HCBTC":13.8100246725,"VIBETH":-4.7202876246,"XRPETH":-7.3710559903,"SKYBTC":-4.9192659621,"KNCBTC":-11.8107951016,"XRPUSDT":-7.5920418696,"ENGBTC":-0.0907357629,"WAVESBNB":-13.1621898271,"PAXUSDT":-0.445012214,"TRXTUSD":36.860100141,"PPTBTC":-11.9014332288,"ETHUSDT":-12.4537350224,"XMRETH":-8.2547194929,"AGIBTC":-2.9221932926,"GASBTC":-5.3858129912,"IOSTETH":3.6249651157,"NANOETH":-3.2794226753,"EOSUSDT":-7.6472363406,"BNBUSDT":0.6875564885,"BCHSVBTC":-15.4990817781,"ETCETH":-15.2145115056,"BNBPAX":0.710475162,"EOSETH":-7.0177781194,"BTGBTC":-4.2991156905,"DOCKETH":-8.2043574029,"NASBTC":-8.8360250943,"AIONBTC":-10.1817389624,"ZENBTC":-13.4474984379,"VETETH":-0.4637563233,"ICXUSDT":0.5656371428,"GVTBTC":-14.6166148754,"EOSUSDC":-5.1540286013,"OMGBTC":-10.5379508037,"LTCBTC":4.8850331162,"AEBTC":-3.3562870291,"XEMETH":-12.2871767512,"WANBTC":-8.3345371606,"TRXBTC":40.656291017,"APPCBTC":-7.3102723617,"GTOBNB":-1.3996034799,"BRDBTC":-9.6127918906,"ARKBTC":7.7748918914,"POLYBTC":-14.0699128841,"DLTBTC":-0.1796287614,"ADABTC":5.3245437343,"ETHBTC":-12.4803723917,"ICXBTC":-0.0330056296,"EOSPAX":-7.0709060858,"ICXETH":0.2039485544,"TUSDUSDT":-0.3870297808,"NULSBTC":-5.211192795,"XMRBTC":-8.9215308767,"EVXBTC":-7.9522849435,"RDNETH":-18.4464230806,"BATBTC":-4.9827617519,"XLMPAX":-5.5140249852,"TRXUSDT":39.9914544233,"TRXXRP":39.5947367923,"MODBTC":-9.7982864413,"XLMTUSD":-3.5624672238,"KMDBTC":-12.9559161719,"NULSUSDT":-4.3841799981,"IOTABTC":-14.8177771263,"IOTAETH":-14.1599657553,"ADXBTC":-11.699648215,"EDOBTC":5.7294049923,"BTCPAX":-3.4771459258,"ARNETH":-9.3682507784,"REPBTC":8.3168142135,"XRPBNB":-5.6724733073,"TUSDBNB":-0.2588800303,"POWRBTC":-12.0444729663,"MTLBTC":-16.1313851065,"NXSBTC":1.7900997125,"DASHBTC":-9.9126273138,"BNBETH":0.2248856615,"RDNBTC":-18.4541891171,"LINKBTC":15.5930583002,"LUNBTC":-10.8109506394,"LOOMETH":-8.801671861,"ELFBTC":-6.5530574951},"startDate":"2019-01-03","endDate":"2019-01-11","numDays":7,"excludedPairs":["VENETH","ONTBNB","PAXBTC","WABIBNB","CMTETH","SNGLSBTC","XEMBTC","MFTETH","NAVBNB","CMTBTC","OSTETH","BATBNB","NEBLETH","RPXBNB","VETBTC","CDTBTC","VIAETH","GNTBNB","LOOMBNB","STORMETH","IOSTBTC","MTHETH","WABIETH","XZCBNB","GVTETH","GOBTC","VENUSDT","SNMETH","ASTETH","BRDBNB","CVCBTC","GOBNB","WPRBTC","DATABTC","AMBBNB","AEBNB","FUELETH","MANAETH","BLZETH","THETAETH","PPTETH","TRIGETH","SCBTC","BCDETH","OSTBTC","RDNBNB","RCNETH","NEBLBNB","LENDBTC","MANABTC","NPXSBTC","XLMBTC","IOTABNB","GTOBTC","DNTETH","QSPBTC","AIONBNB","QLCBTC","PHXETH","IOTXETH","SNTBTC","OAXETH","BCCETH","WTCETH","LSKETH","LUNETH","HSRETH","NCASHBNB","SYSETH","BCCBTC","ENJETH","DOCKBTC","REQBTC","VIABNB","POWRBNB","SYSBNB","DCRBNB","ZENETH","SNGLSETH","XZCETH","LENDETH","VETBNB","GNTBTC","MCOETH","YOYOBTC","POABNB","FUELBTC","QTUMBNB","ZENBNB","XVGBTC","AIONETH","RLCBNB","ARDRETH","VENBTC","USDCBTC","ETCBNB","STORJBTC","OSTBNB","WINGSBTC","REPBNB","NASBNB","MITHBTC","CNDBTC","KEYBTC","SKYBNB","LRCETH","HOTBTC","REQETH","HOTETH","BTSETH","ENGETH","MFTBNB","SUBBTC","AMBETH","POWRETH","QKCETH","BCPTBNB","RVNBTC","TRIGBTC","SKYETH","VIBEETH","POABTC","WANETH","CHATETH","PIVXETH","AGIETH","QSPETH","BCPTBTC","PIVXBNB","CVCBNB","SNMBTC","BCNBNB","NULSETH","YOYOBNB","RVNBNB","STORMBNB","NANOBNB","TNTETH","TRIGBNB","CMTBNB","XEMBNB","RLCETH","MTHBTC","TNTBTC","BCPTETH","POAETH","PAXBNB","NAVETH","ARDRBNB","KEYETH","GRSBTC","QKCBTC","WANBNB","HSRBTC","MITHBNB","QSPBNB","NPXSETH","TNBBTC","YOYOETH","XLMBNB","ICNETH","PAXTUSD","ICNBTC","QLCETH","TNBETH","NXSBNB","BNTETH","DLTETH","CDTETH","BCNETH","WTCBNB","DENTETH","NCASHBTC","PHXBTC","NULSBNB","SYSBTC","SUBETH","HCETH","RCNBNB","BCCUSDT","RCNBTC","XZCXRP","PAXETH","ICXBNB","RLCBTC","RENBNB","BLZBTC","APPCBNB","MODETH","REPETH","MTLETH","DENTBTC","BQXETH","CNDETH","DLTBNB","ZILBTC","GNTETH","CLOAKBTC","GXSETH","DNTBTC","ASTBTC","AMBBTC","NAVBTC","USDCTUSD","ENJBNB","VIBBTC","DATAETH","PHXBNB","NXSETH","USDCBNB","RPXBTC","RPXETH","CVCETH","STEEMBNB","BTSBTC","GRSETH","POEBTC","FUNETH","LRCBTC","RENBTC","QLCBNB","SALTETH","SNTETH","USDCPAX","ADXBNB","ZILBNB","POLYBNB","KNCETH","ADXETH","WPRETH","KMDETH","THETABNB","IOTXBTC","POEETH","STEEMETH","VENBNB","BCCBNB","MFTBTC","WINGSETH","INSETH","STORMBTC","SCETH","ARKETH","BLZBNB","SCBNB","CNDBNB","DGDETH","MCOBNB","BTSBNB","EDOETH","APPCETH","FUNBTC","STORJETH","CLOAKETH","BRDETH","BTGETH","LSKBNB","AGIBNB","ELFETH","CHATBTC","NASETH","NCASHETH","BCNBTC","THETABTC"],"graphType":"hbar"}